{
"$schema": "https://raw.githubusercontent.com/budak7273/ContentLib_Documentation/refs/heads/main/JsonSchemas/CL_Recipe.json",
"Name": "New Unpack Automated Wiring",
"Ingredients": [
{
      "Item": "AutomatedWiringPack",
      "Amount": 1
 }
],
"Products": [
{
      "Item": "Desc_SpaceElevatorPart_3",
      "Amount": 25
 }
],
"ManufacturingDuration": 1.25,
"ProducedIn": ["Build_Packer_C","Build_PEPackager_C"],
"OverrideCategory": "UnpackCategory_C",
"ManufacturingMenuPriority": 0.0,
"UnlockedBy": ["Schem_PackExpansion_T4_C"],
"VariablePowerConsumptionConstant": 0.0,
"VariablePowerConsumptionFactor": 1.0,
"ClearIngredients": true,
"ClearProducts": true,
"ClearBuilders": true
}