{
"$schema": "https://raw.githubusercontent.com/budak7273/ContentLib_Documentation/refs/heads/main/JsonSchemas/CL_Recipe.json",
"Name": "New Alt: Dark-Ion Fuel Pack",
"Ingredients": [
{
      "Item": "PackRocketFuelPack",
      "Amount": 12
 },
{
      "Item": "DarkMatterCrystalPack",
      "Amount": 4
 }
],
"Products": [
{
      "Item": "IonizedFuelCondensed",
      "Amount": 10000
 },
{
      "Item": "CompactedCoalPack",
      "Amount": 2
 }
],
"ManufacturingDuration": 75.0,
"ProducedIn": ["Build_Converter_C"],
"OverrideCategory": "Cat_AdvancedRefinement_C",
"ManufacturingMenuPriority": 0.0,
"UnlockedBy": ["Schem_PackRecipes_T9_C"],
"VariablePowerConsumptionConstant": 100.0,
"VariablePowerConsumptionFactor": 300.0,
"ClearIngredients": true,
"ClearProducts": true,
"ClearBuilders": true
}