{
"$schema": "https://raw.githubusercontent.com/budak7273/ContentLib_Documentation/refs/heads/main/JsonSchemas/CL_Recipe.json",
"Name": "New Alternate: Insulated Cable",
"Ingredients": [
{
      "Item": "Desc_Wire",
      "Amount": 9
 },
{
      "Item": "Desc_Rubber",
      "Amount": 6
 }
],
"Products": [
{
      "Item": "Desc_Cable",
      "Amount": 20
 }
],
"ManufacturingDuration": 12.0,
"ProducedIn": ["Build_AssemblerMk1_C"],
"OverrideCategory": "Cat_Electronics_C",
"ManufacturingMenuPriority": 1.0,
"UnlockedBy": ["Schematic_Alternate_Cable1_C"],
"VariablePowerConsumptionConstant": 0.0,
"VariablePowerConsumptionFactor": 1.0,
"ClearIngredients": true,
"ClearProducts": true,
"ClearBuilders": true
}