{
"$schema": "https://raw.githubusercontent.com/budak7273/ContentLib_Documentation/refs/heads/main/JsonSchemas/CL_Recipe.json",
"Name": "New Alternate: Instant Plutonium Cell",
"Ingredients": [
{
      "Item": "Desc_NonFissibleUranium",
      "Amount": 150
 },
{
      "Item": "Desc_AluminumCasing",
      "Amount": 20
 }
],
"Products": [
{
      "Item": "Desc_PlutoniumCell",
      "Amount": 20
 }
],
"ManufacturingDuration": 120.0,
"ProducedIn": ["Build_HadronCollider_C"],
"OverrideCategory": "Cat_Nuclear_C",
"ManufacturingMenuPriority": 1.0,
"UnlockedBy": ["Schematic_Alternate_InstantPlutoniumCell_C"],
"VariablePowerConsumptionConstant": 250.0,
"VariablePowerConsumptionFactor": 500.0,
"ClearIngredients": true,
"ClearProducts": true,
"ClearBuilders": true
}