{
"$schema": "https://raw.githubusercontent.com/budak7273/ContentLib_Documentation/refs/heads/main/JsonSchemas/CL_Recipe.json",
"Name": "New Alt: Iron Pipe Pack",
"Ingredients": [
{
      "Item": "IronIngotPack",
      "Amount": 20
 }
],
"Products": [
{
      "Item": "SteelPipePack",
      "Amount": 5
 }
],
"ManufacturingDuration": 300.0,
"ProducedIn": ["Build_ConstructorMk1_C"],
"OverrideCategory": "Cat_StandardParts_C",
"ManufacturingMenuPriority": 115.0,
"UnlockedBy": ["Schem_PackRecipes_T3_C"],
"VariablePowerConsumptionConstant": 0.0,
"VariablePowerConsumptionFactor": 1.0,
"ClearIngredients": true,
"ClearProducts": true,
"ClearBuilders": true
}