{
"$schema": "https://raw.githubusercontent.com/budak7273/ContentLib_Documentation/refs/heads/main/JsonSchemas/CL_Recipe.json",
"Name": "New Alternate: Pink Diamonds",
"Ingredients": [
{
      "Item": "Desc_Coal",
      "Amount": 8
 },
{
      "Item": "Desc_QuartzCrystal",
      "Amount": 3
 }
],
"Products": [
{
      "Item": "Desc_Diamond",
      "Amount": 1
 }
],
"ManufacturingDuration": 4.0,
"ProducedIn": ["Build_Converter_C"],
"OverrideCategory": "Cat_AdvancedRefinement_C",
"ManufacturingMenuPriority": 0.0,
"UnlockedBy": ["Schematic_Alternate_Diamond_Pink_C"],
"VariablePowerConsumptionConstant": 100.0,
"VariablePowerConsumptionFactor": 300.0,
"ClearIngredients": true,
"ClearProducts": true,
"ClearBuilders": true
}