{
"$schema": "https://raw.githubusercontent.com/budak7273/ContentLib_Documentation/refs/heads/main/JsonSchemas/CL_Recipe.json",
"Name": "New Alternate: Alclad Casing",
"Ingredients": [
{
      "Item": "Desc_AluminumIngot",
      "Amount": 20
 },
{
      "Item": "Desc_CopperIngot",
      "Amount": 10
 }
],
"Products": [
{
      "Item": "Desc_AluminumCasing",
      "Amount": 15
 }
],
"ManufacturingDuration": 8.0,
"ProducedIn": ["Build_AssemblerMk1_C"],
"OverrideCategory": "Cat_StandardParts_C",
"ManufacturingMenuPriority": 18.0,
"UnlockedBy": ["Schematic_Alternate_AlcladCasing_C"],
"VariablePowerConsumptionConstant": 0.0,
"VariablePowerConsumptionFactor": 1.0,
"ClearIngredients": true,
"ClearProducts": true,
"ClearBuilders": true
}