{
"$schema": "https://raw.githubusercontent.com/budak7273/ContentLib_Documentation/refs/heads/main/JsonSchemas/CL_Recipe.json",
"Name": "New Alternate: Quickwire Cable",
"Ingredients": [
{
      "Item": "Desc_HighSpeedWire",
      "Amount": 3
 },
{
      "Item": "Desc_Rubber",
      "Amount": 2
 }
],
"Products": [
{
      "Item": "Desc_Cable",
      "Amount": 11
 }
],
"ManufacturingDuration": 24.0,
"ProducedIn": ["Build_AssemblerMk1_C"],
"OverrideCategory": "Cat_Electronics_C",
"ManufacturingMenuPriority": 2.0,
"UnlockedBy": ["Schematic_Alternate_Cable2_C"],
"VariablePowerConsumptionConstant": 0.0,
"VariablePowerConsumptionFactor": 1.0,
"ClearIngredients": true,
"ClearProducts": true,
"ClearBuilders": true
}