{
"$schema": "https://raw.githubusercontent.com/budak7273/ContentLib_Documentation/refs/heads/main/JsonSchemas/CL_Recipe.json",
"Name": "New Alt: Aluminum Beam Pack",
"Ingredients": [
{
      "Item": "AluminumIngotPack",
      "Amount": 3
 }
],
"Products": [
{
      "Item": "SteelBeamPack",
      "Amount": 3
 }
],
"ManufacturingDuration": 200.0,
"ProducedIn": ["Build_ConstructorMk1_C"],
"OverrideCategory": "Cat_StandardParts_C",
"ManufacturingMenuPriority": 0.0,
"UnlockedBy": ["Schem_PackRecipes_T8_C"],
"VariablePowerConsumptionConstant": 0.0,
"VariablePowerConsumptionFactor": 1.0,
"ClearIngredients": true,
"ClearProducts": true,
"ClearBuilders": true
}