{
"$schema": "https://raw.githubusercontent.com/budak7273/ContentLib_Documentation/refs/heads/main/JsonSchemas/CL_Recipe.json",
"Name": "New Alternate: Leached Caterium Ingot",
"Ingredients": [
{
      "Item": "Desc_OreGold",
      "Amount": 9
 },
{
      "Item": "Desc_SulfuricAcid",
      "Amount": 5000
 }
],
"Products": [
{
      "Item": "Desc_GoldIngot",
      "Amount": 6
 }
],
"ManufacturingDuration": 10.0,
"ProducedIn": ["Build_OilRefinery_C"],
"OverrideCategory": "Cat_Ingots_C",
"ManufacturingMenuPriority": 5.0,
"UnlockedBy": ["Schematic_Alternate_CateriumIngot_Leached_C"],
"VariablePowerConsumptionConstant": 0.0,
"VariablePowerConsumptionFactor": 1.0,
"ClearIngredients": true,
"ClearProducts": true,
"ClearBuilders": true
}