{
"$schema": "https://raw.githubusercontent.com/budak7273/ContentLib_Documentation/refs/heads/main/JsonSchemas/CL_Recipe.json",
"Name": "New Alt: Caterium Computer Pack",
"Ingredients": [
{
      "Item": "CircuitBoardPack",
      "Amount": 4
 },
{
      "Item": "QuickwirePack",
      "Amount": 14
 },
{
      "Item": "RubberPack",
      "Amount": 6
 }
],
"Products": [
{
      "Item": "ComputerPack",
      "Amount": 1
 }
],
"ManufacturingDuration": 400.0,
"ProducedIn": ["Build_ManufacturerMk1_C"],
"OverrideCategory": "Cat_Communications_C",
"ManufacturingMenuPriority": 0.0,
"UnlockedBy": ["Schem_PackRecipes_T6_C"],
"VariablePowerConsumptionConstant": 0.0,
"VariablePowerConsumptionFactor": 1.0,
"ClearIngredients": true,
"ClearProducts": true,
"ClearBuilders": true
}