{
"$schema": "https://raw.githubusercontent.com/budak7273/ContentLib_Documentation/refs/heads/main/JsonSchemas/CL_Recipe.json",
"Name": "New Alt: Basic Iron Ingot Pack",
"Ingredients": [
{
      "Item": "IronOrePack",
      "Amount": 5
 },
{
      "Item": "LimestonePack",
      "Amount": 8
 }
],
"Products": [
{
      "Item": "IronIngotPack",
      "Amount": 10
 }
],
"ManufacturingDuration": 300.0,
"ProducedIn": ["Build_FoundryMk1_C"],
"OverrideCategory": "Cat_Ingots_C",
"ManufacturingMenuPriority": 0.0,
"UnlockedBy": ["Schem_PackRecipes_T3_C"],
"VariablePowerConsumptionConstant": 0.0,
"VariablePowerConsumptionFactor": 1.0,
"ClearIngredients": true,
"ClearProducts": true,
"ClearBuilders": true
}