{
"$schema": "https://raw.githubusercontent.com/budak7273/ContentLib_Documentation/refs/heads/main/JsonSchemas/CL_Recipe.json",
"Name": "New Alt: Iron Wire Pack",
"Ingredients": [
{
      "Item": "IronIngotPack",
      "Amount": 5
 }
],
"Products": [
{
      "Item": "WirePack",
      "Amount": 9
 }
],
"ManufacturingDuration": 600.0,
"ProducedIn": ["Build_ConstructorMk1_C"],
"OverrideCategory": "Cat_Electronics_C",
"ManufacturingMenuPriority": 101.0,
"UnlockedBy": ["Schem_PackRecipes_C"],
"VariablePowerConsumptionConstant": 0.0,
"VariablePowerConsumptionFactor": 1.0,
"ClearIngredients": true,
"ClearProducts": true,
"ClearBuilders": true
}