{
"$schema": "https://raw.githubusercontent.com/budak7273/ContentLib_Documentation/refs/heads/main/JsonSchemas/CL_Recipe.json",
"Name": "New Alternate: Copper Rotor",
"Ingredients": [
{
      "Item": "Desc_CopperSheet",
      "Amount": 6
 },
{
      "Item": "Desc_IronScrew",
      "Amount": 52
 }
],
"Products": [
{
      "Item": "Desc_Rotor",
      "Amount": 3
 }
],
"ManufacturingDuration": 16.0,
"ProducedIn": ["Build_AssemblerMk1_C"],
"OverrideCategory": "Cat_IndustrialParts_C",
"ManufacturingMenuPriority": 1.0,
"UnlockedBy": ["Schematic_Alternate_CopperRotor_C"],
"VariablePowerConsumptionConstant": 0.0,
"VariablePowerConsumptionFactor": 1.0,
"ClearIngredients": true,
"ClearProducts": true,
"ClearBuilders": true
}