{
"$schema": "https://raw.githubusercontent.com/budak7273/ContentLib_Documentation/refs/heads/main/JsonSchemas/CL_Recipe.json",
"Name": "New Alt: Infused Uranium Cell Pack",
"Ingredients": [
{
      "Item": "UraniumOrePack",
      "Amount": 5
 },
{
      "Item": "SilicaPack",
      "Amount": 3
 },
{
      "Item": "SulfurPack",
      "Amount": 5
 },
{
      "Item": "QuickwirePack",
      "Amount": 15
 }
],
"Products": [
{
      "Item": "EncasedUraniumCellPack",
      "Amount": 4
 }
],
"ManufacturingDuration": 300.0,
"ProducedIn": ["Build_ManufacturerMk1_C"],
"OverrideCategory": "Cat_Nuclear_C",
"ManufacturingMenuPriority": 0.0,
"UnlockedBy": ["Schem_PackRecipes_T8_C"],
"VariablePowerConsumptionConstant": 0.0,
"VariablePowerConsumptionFactor": 1.0,
"ClearIngredients": true,
"ClearProducts": true,
"ClearBuilders": true
}