{
"$schema": "https://raw.githubusercontent.com/budak7273/ContentLib_Documentation/refs/heads/main/JsonSchemas/CL_Recipe.json",
"Name": "New Alternate: Compacted Coal",
"Ingredients": [
{
      "Item": "Desc_Coal",
      "Amount": 5
 },
{
      "Item": "Desc_Sulfur",
      "Amount": 5
 }
],
"Products": [
{
      "Item": "Desc_CompactedCoal",
      "Amount": 5
 }
],
"ManufacturingDuration": 12.0,
"ProducedIn": ["Build_AssemblerMk1_C"],
"OverrideCategory": "Cat_Minerals_C",
"ManufacturingMenuPriority": 2.0,
"UnlockedBy": ["Schematic_Alternate_EnrichedCoal_C"],
"VariablePowerConsumptionConstant": 0.0,
"VariablePowerConsumptionFactor": 1.0,
"ClearIngredients": true,
"ClearProducts": true,
"ClearBuilders": true
}