{
"$schema": "https://raw.githubusercontent.com/budak7273/ContentLib_Documentation/refs/heads/main/JsonSchemas/CL_Recipe.json",
"Name": "New Alt: Automated Speed Wiring Pack",
"Ingredients": [
{
      "Item": "StatorPack",
      "Amount": 2
 },
{
      "Item": "WirePack",
      "Amount": 40
 },
{
      "Item": "HighSpeedConnectorPack",
      "Amount": 1
 }
],
"Products": [
{
      "Item": "AutomatedWiringPack",
      "Amount": 4
 }
],
"ManufacturingDuration": 800.0,
"ProducedIn": ["Build_ManufacturerMk1_C"],
"OverrideCategory": "Cat_SpaceElevator_C",
"ManufacturingMenuPriority": 0.0,
"UnlockedBy": ["Schem_PackRecipes_T5_C"],
"VariablePowerConsumptionConstant": 0.0,
"VariablePowerConsumptionFactor": 1.0,
"ClearIngredients": true,
"ClearProducts": true,
"ClearBuilders": true
}