{
"$schema": "https://raw.githubusercontent.com/budak7273/ContentLib_Documentation/refs/heads/main/JsonSchemas/CL_Recipe.json",
"Name": "New Alternate: Crystal Computer",
"Ingredients": [
{
      "Item": "Desc_CircuitBoard",
      "Amount": 3
 },
{
      "Item": "Desc_CrystalOscillator",
      "Amount": 1
 }
],
"Products": [
{
      "Item": "Desc_Computer",
      "Amount": 2
 }
],
"ManufacturingDuration": 36.0,
"ProducedIn": ["Build_AssemblerMk1_C"],
"OverrideCategory": "Cat_Electronics_C",
"ManufacturingMenuPriority": 11.0,
"UnlockedBy": ["Schematic_Alternate_Computer2_C"],
"VariablePowerConsumptionConstant": 0.0,
"VariablePowerConsumptionFactor": 1.0,
"ClearIngredients": true,
"ClearProducts": true,
"ClearBuilders": true
}