{
"$schema": "https://raw.githubusercontent.com/budak7273/ContentLib_Documentation/refs/heads/main/JsonSchemas/CL_Recipe.json",
"Name": "New Alternate: Dark Matter Trap",
"Ingredients": [
{
      "Item": "Desc_TimeCrystal",
      "Amount": 1
 },
{
      "Item": "Desc_DarkEnergy",
      "Amount": 5000
 }
],
"Products": [
{
      "Item": "Desc_DarkMatter",
      "Amount": 2
 }
],
"ManufacturingDuration": 2.0,
"ProducedIn": ["Build_HadronCollider_C"],
"OverrideCategory": "Cat_Quantum_C",
"ManufacturingMenuPriority": 999.0,
"UnlockedBy": ["Schematic_Alternate_DarkMatter_Trap_C"],
"VariablePowerConsumptionConstant": 500.0,
"VariablePowerConsumptionFactor": 1000.0,
"ClearIngredients": true,
"ClearProducts": true,
"ClearBuilders": true
}