{
"$schema": "https://raw.githubusercontent.com/budak7273/ContentLib_Documentation/refs/heads/main/JsonSchemas/CL_Recipe.json",
"Name": "New Alternate: Copper Alloy Ingot",
"Ingredients": [
{
      "Item": "Desc_OreCopper",
      "Amount": 5
 },
{
      "Item": "Desc_OreIron",
      "Amount": 5
 }
],
"Products": [
{
      "Item": "Desc_CopperIngot",
      "Amount": 10
 }
],
"ManufacturingDuration": 6.0,
"ProducedIn": ["Build_FoundryMk1_C"],
"OverrideCategory": "Cat_Ingots_C",
"ManufacturingMenuPriority": 2.0,
"UnlockedBy": ["Schematic_Alternate_CopperAlloyIngot_C"],
"VariablePowerConsumptionConstant": 0.0,
"VariablePowerConsumptionFactor": 1.0,
"ClearIngredients": true,
"ClearProducts": true,
"ClearBuilders": true
}