{
"$schema": "https://raw.githubusercontent.com/budak7273/ContentLib_Documentation/refs/heads/main/JsonSchemas/CL_Recipe.json",
"Name": "New AI Limiter",
"Ingredients": [
{
      "Item": "Desc_CopperSheet",
      "Amount": 5
 },
{
      "Item": "Desc_HighSpeedWire",
      "Amount": 20
 }
],
"Products": [
{
      "Item": "Desc_CircuitBoardHighSpeed",
      "Amount": 1
 }
],
"ManufacturingDuration": 12.0,
"ProducedIn": ["Build_AssemblerMk1_C","FGBuildableAutomatedWorkBench"],
"OverrideCategory": "Cat_Electronics_C",
"ManufacturingMenuPriority": 9.0,
"UnlockedBy": ["Research_Caterium_4_1_C"],
"VariablePowerConsumptionConstant": 0.0,
"VariablePowerConsumptionFactor": 1.0,
"ClearIngredients": true,
"ClearProducts": true,
"ClearBuilders": false
}