{
"$schema": "https://raw.githubusercontent.com/budak7273/ContentLib_Documentation/refs/heads/main/JsonSchemas/CL_Recipe.json",
"Name": "New Alternate: Caterium Computer",
"Ingredients": [
{
      "Item": "Desc_CircuitBoard",
      "Amount": 4
 },
{
      "Item": "Desc_HighSpeedWire",
      "Amount": 14
 },
{
      "Item": "Desc_Rubber",
      "Amount": 6
 }
],
"Products": [
{
      "Item": "Desc_Computer",
      "Amount": 1
 }
],
"ManufacturingDuration": 16.0,
"ProducedIn": ["Build_ManufacturerMk1_C"],
"OverrideCategory": "Cat_Communications_C",
"ManufacturingMenuPriority": 1.0,
"UnlockedBy": ["Schematic_Alternate_Computer1_C"],
"VariablePowerConsumptionConstant": 0.0,
"VariablePowerConsumptionFactor": 1.0,
"ClearIngredients": true,
"ClearProducts": true,
"ClearBuilders": true
}