{
"$schema": "https://raw.githubusercontent.com/budak7273/ContentLib_Documentation/refs/heads/main/JsonSchemas/CL_Recipe.json",
"Name": "New Alternate: Heavy Encased Frame",
"Ingredients": [
{
      "Item": "Desc_ModularFrame",
      "Amount": 8
 },
{
      "Item": "Desc_SteelPlateReinforced",
      "Amount": 10
 },
{
      "Item": "Desc_SteelPipe",
      "Amount": 36
 },
{
      "Item": "Desc_Cement",
      "Amount": 22
 }
],
"Products": [
{
      "Item": "Desc_ModularFrameHeavy",
      "Amount": 3
 }
],
"ManufacturingDuration": 64.0,
"ProducedIn": ["Build_ManufacturerMk1_C"],
"OverrideCategory": "Cat_StandardParts_C",
"ManufacturingMenuPriority": 17.0,
"UnlockedBy": ["Schematic_Alternate_HeavyModularFrame_C"],
"VariablePowerConsumptionConstant": 0.0,
"VariablePowerConsumptionFactor": 1.0,
"ClearIngredients": true,
"ClearProducts": true,
"ClearBuilders": true
}