{
"$schema": "https://raw.githubusercontent.com/budak7273/ContentLib_Documentation/refs/heads/main/JsonSchemas/CL_Recipe.json",
"Name": "New Alternate: Leached Copper Ingot",
"Ingredients": [
{
      "Item": "Desc_OreCopper",
      "Amount": 9
 },
{
      "Item": "Desc_SulfuricAcid",
      "Amount": 5000
 }
],
"Products": [
{
      "Item": "Desc_CopperIngot",
      "Amount": 22
 }
],
"ManufacturingDuration": 12.0,
"ProducedIn": ["Build_OilRefinery_C"],
"OverrideCategory": "Cat_Ingots_C",
"ManufacturingMenuPriority": 3.0,
"UnlockedBy": ["Schematic_Alternate_CopperIngot_Leached_C"],
"VariablePowerConsumptionConstant": 0.0,
"VariablePowerConsumptionFactor": 1.0,
"ClearIngredients": true,
"ClearProducts": true,
"ClearBuilders": true
}