{
    "$schema": "https://github.com/budak7273/ContentLib_Documentation/blob/main/JsonSchemas/CL_Recipe.json",
    "Name": "Test Plastic Recipe 2",
    "Ingredients": [
        {
            "Item": "Desc_PolymerResin",
            "Amount": 1
        },
        {
            "Item": "Desc_Water",
            "Amount": 20000
        }
    ],
    "Products": [
        {
            "Item": "Item_Liquid_Iron",
            "Amount": 1000
        }
    ],
    "ManufacturingDuration": 6.0,
    "ProducedIn": [
        "Build_OilRefinery_C"
    ],
    "OverrideCategory": "Cat_SolidOilProducts_C",
    "ManufacturingMenuPriority": 1.0,
    "UnlockedBy": [
        "Schematic_StartingRecipes_C"
    ],
    "ManualManufacturingMultiplier": 6.0,
    "VariablePowerConsumptionConstant": 0.0,
    "VariablePowerConsumptionFactor": 1.0,
    "ClearIngredients": true,
    "ClearProducts": true,
    "ClearBuilders": true
}