{
  "Class": "/Game/FactoryGame/Buildable/Factory/GeneratorBiomass/Build_GeneratorBiomass_Automated.Build_GeneratorBiomass_Automated_C",
  "Edits": [
{
"Property": "mPowerConsumption",
"Value": 0.0
 },
{
"Property": "mPowerConsumptionExponent",
"Value": 1.6
 },
{
"Property": "mDoesHaveShutdownAnimation",
"Value": false
 },
{
"Property": "mMinimumStoppedTime",
"Value": 5.0
 },
{
"Property": "mDisplayName",
"Value": "Biomass Burner"
 },
{
"Property": "mDescription",
"Value": "Burns various forms of Biomass to generate electricity for the power grid.
Has a Conveyor Belt input port that allows the Biomass supply to be automated.

Resource consumption will automatically be lowered to meet power demands."
 },
{
"Property": "mHologramClass",
"Value": "FGFactoryHologram"
 },
{
"Property": "mPowerProduction",
"Value": 30.0
 },
{
"Property": "mSupplementalResourceClass",
"Value": ""
 },
{
"Property": "mSupplementalToPowerRatio",
"Value": 0.0
 },
{
"Property": "mSupplementalLoadAmount",
"Value": 0
 },
{
"Property": "mIsFullBlast",
"Value": false
 }]
}