{
  "Class": "/Game/FactoryGame/Buildable/Factory/QuantumEncoder/Build_QuantumEncoder.Build_QuantumEncoder_C",
  "Edits": [
{
"Property": "mPowerConsumption",
"Value": 0.1
 },
{
"Property": "mPowerConsumptionExponent",
"Value": 1.321929
 },
{
"Property": "mDoesHaveShutdownAnimation",
"Value": false
 },
{
"Property": "mMinimumStoppedTime",
"Value": 5.0
 },
{
"Property": "mDisplayName",
"Value": "Quantum Encoder"
 },
{
"Property": "mDescription",
"Value": "The Quantum Encoder uses Excited Photonic Matter to produce the most complex of parts, controlling development up to the quantum level.

Warning: Power usage is extremely high and unstable."
 },
{
"Property": "mHologramClass",
"Value": "FGFactoryHologram"
 },
{
"Property": "mManufacturingSpeed",
"Value": 1.0
 }]
}