{
  "Class": "/Game/FactoryGame/Buildable/Factory/GeneratorNuclear/Build_GeneratorNuclear.Build_GeneratorNuclear_C",
  "Edits": [
{
"Property": "mPowerConsumption",
"Value": 0.0
 },
{
"Property": "mPowerConsumptionExponent",
"Value": 1.6
 },
{
"Property": "mDoesHaveShutdownAnimation",
"Value": true
 },
{
"Property": "mMinimumStoppedTime",
"Value": 5.0
 },
{
"Property": "mDisplayName",
"Value": "Nuclear Power Plant"
 },
{
"Property": "mDescription",
"Value": "Consumes Nuclear Fuel Rods and Water to produce electricity for the power grid.

Produces Nuclear Waste, which is extracted via the Conveyor Belt output.

Caution: Always generates power at the set clock speed. Shuts down if fuel requirements are not met."
 },
{
"Property": "mHologramClass",
"Value": "FGFactoryHologram"
 },
{
"Property": "mPowerProduction",
"Value": 2500.0
 },
{
"Property": "mSupplementalResourceClass",
"Value": "Desc_Water_C"
 },
{
"Property": "mSupplementalToPowerRatio",
"Value": 1.6
 },
{
"Property": "mSupplementalLoadAmount",
"Value": 10000
 },
{
"Property": "mIsFullBlast",
"Value": true
 }]
}