{
  "Class": "/FluidTeleporter/NewFluidTeleporter/Build_FT_In.Build_FT_In_C",
  "Edits": [
{
"Property": "mPowerConsumption",
"Value": 10.0
 },
{
"Property": "mPowerConsumptionExponent",
"Value": 1.6
 },
{
"Property": "mDoesHaveShutdownAnimation",
"Value": false
 },
{
"Property": "mMinimumStoppedTime",
"Value": 5.0
 },
{
"Property": "mDisplayName",
"Value": "Fluid Teleporter Input"
 },
{
"Property": "mDescription",
"Value": "Teleports fluids for Fluid Teleporter Outputs.

Name it to use if you want.

Stores 600m3 "
 },
{
"Property": "mHologramClass",
"Value": "FGFactoryHologram"
 },
{
"Property": "mManufacturingSpeed",
"Value": 1.0
 }]
}