{
  "Class": "/FluidTeleporter/NewFluidTeleporter/Build_FT_Outs.Build_FT_Outs_C",
  "Edits": [
{
"Property": "mPowerConsumption",
"Value": 5.0
 },
{
"Property": "mPowerConsumptionExponent",
"Value": 1.6
 },
{
"Property": "mDoesHaveShutdownAnimation",
"Value": false
 },
{
"Property": "mMinimumStoppedTime",
"Value": 5.0
 },
{
"Property": "mDisplayName",
"Value": "Fluid Teleporter Output"
 },
{
"Property": "mDescription",
"Value": "Teleports fluids from Fluid Teleporter Inputs.

Choose a name from where you want to get the fluids. 

All Teleporter Inputs with the same name and fluid will be teleported to here.


Stores 50m3 "
 },
{
"Property": "mHologramClass",
"Value": "FGFactoryHologram"
 },
{
"Property": "mManufacturingSpeed",
"Value": 1.0
 }]
}