{
  "Class": "/Game/FactoryGame/Buildable/Factory/PipeJunction/Build_PipelineJunction_Cross.Build_PipelineJunction_Cross_C",
  "Edits": [
{
"Property": "mPowerConsumption",
"Value": 0.0
 },
{
"Property": "mPowerConsumptionExponent",
"Value": 1.6
 },
{
"Property": "mDoesHaveShutdownAnimation",
"Value": false
 },
{
"Property": "mMinimumStoppedTime",
"Value": 5.0
 },
{
"Property": "mDisplayName",
"Value": "Pipeline Junction"
 },
{
"Property": "mDescription",
"Value": "Attaches to a Pipeline, allowing it to be split up to 4 ways."
 },
{
"Property": "mHologramClass",
"Value": "FGPipelineJunctionHologram"
 },
{
"Property": "mFluidBoxVolume",
"Value": 5.0
 }]
}