{
  "Class": "/extremewpump/buildable/factory/build_ewp.build_ewp_C",
  "Edits": [
{
"Property": "mPowerConsumption",
"Value": 100.0
 },
{
"Property": "mPowerConsumptionExponent",
"Value": 1.6
 },
{
"Property": "mDoesHaveShutdownAnimation",
"Value": false
 },
{
"Property": "mMinimumStoppedTime",
"Value": 0.0
 },
{
"Property": "mDisplayName",
"Value": "Extreme Water Pump"
 },
{
"Property": "mDescription",
"Value": ""
 },
{
"Property": "mHologramClass",
"Value": "Holo_WaterPump_C"
 },
{
"Property": "mExtractCycleTime",
"Value": 1.0
 },
{
"Property": "mMinimumDepthForPlacement",
"Value": 0.0
 }]
}