{
  "Class": "/SushiBeltMaker/Build_Sushimaker.Build_Sushimaker_C",
  "Edits": [
{
"Property": "mPowerConsumption",
"Value": 0.0
 },
{
"Property": "mPowerConsumptionExponent",
"Value": 1.6
 },
{
"Property": "mDoesHaveShutdownAnimation",
"Value": false
 },
{
"Property": "mMinimumStoppedTime",
"Value": 5.0
 },
{
"Property": "mDisplayName",
"Value": "Sushi Maker"
 },
{
"Property": "mDescription",
"Value": "Select the items and the quantity you want to let pass in order. 

It will create a belt with multiple items that will always keep that order."
 },
{
"Property": "mHologramClass",
"Value": "FGStackableStorageHologram"
 },
{
"Property": "mInventorySizeX",
"Value": 4
 },
{
"Property": "mInventorySizeY",
"Value": 4
 },
{
"Property": "mStackingHeight",
"Value": 200.0
 }]
}