{
  "Class": "/WaterPoolsPlus/Buildables/RubberDuck/Feyko/Build_FeykoDucky.Build_FeykoDucky_C",
  "Edits": [
{
"Property": "mPowerConsumption",
"Value": 0.0
 },
{
"Property": "mPowerConsumptionExponent",
"Value": 1.6
 },
{
"Property": "mDoesHaveShutdownAnimation",
"Value": false
 },
{
"Property": "mMinimumStoppedTime",
"Value": 5.0
 },
{
"Property": "mDisplayName",
"Value": "Feyko the Duck"
 },
{
"Property": "mDescription",
"Value": "Duck. Duck? Duck!
DUCK DUCK DUCK DUCK DUCK DUCK DUCK
QUACK"
 },
{
"Property": "mHologramClass",
"Value": "Holo_WaterPump_C"
 },
{
"Property": "mExtractCycleTime",
"Value": 1.0
 },
{
"Property": "mMinimumDepthForPlacement",
"Value": 0.0
 }]
}