{
  "Class": "/PackingExpansion/Generators/GeneratorFuel/Build_GeneratorFuelPack.Build_GeneratorFuelPack_C",
  "Edits": [
{
"Property": "mPowerConsumption",
"Value": 0.0
 },
{
"Property": "mPowerConsumptionExponent",
"Value": 1.6
 },
{
"Property": "mDoesHaveShutdownAnimation",
"Value": false
 },
{
"Property": "mMinimumStoppedTime",
"Value": 5.0
 },
{
"Property": "mDisplayName",
"Value": "PE Fuel Generator"
 },
{
"Property": "mDescription",
"Value": "Consumes Pressurized Fuel to generate electricity for the power grid.
Has a Pipe input so the Fuel supply can be automated."
 },
{
"Property": "mHologramClass",
"Value": "FGFactoryHologram"
 },
{
"Property": "mPowerProduction",
"Value": 250.0
 },
{
"Property": "mSupplementalResourceClass",
"Value": ""
 },
{
"Property": "mSupplementalToPowerRatio",
"Value": 0.0
 },
{
"Property": "mSupplementalLoadAmount",
"Value": 0
 },
{
"Property": "mIsFullBlast",
"Value": true
 }]
}