{
  "Class": "/MagicMachine/Stackable/NormalMagic/MagicMachine_Child.MagicMachine_Child_C",
  "Edits": [
{
"Property": "mPowerConsumption",
"Value": 0.0
 },
{
"Property": "mPowerConsumptionExponent",
"Value": 1.321929
 },
{
"Property": "mDoesHaveShutdownAnimation",
"Value": true
 },
{
"Property": "mMinimumStoppedTime",
"Value": 0.0
 },
{
"Property": "mDisplayName",
"Value": "MM Small"
 },
{
"Property": "mDescription",
"Value": "You can produce any Vanilla Fluid or Solid.

Can make Blueprints with it."
 },
{
"Property": "mHologramClass",
"Value": "FGFactoryHologram"
 },
{
"Property": "mManufacturingSpeed",
"Value": 1.0
 }]
}