{
  "Class": "/MirroredBuildings/Mirror_Foundry.Mirror_Foundry_C",
  "Edits": [
{
"Property": "mPowerConsumption",
"Value": 16.0
 },
{
"Property": "mPowerConsumptionExponent",
"Value": 1.321929
 },
{
"Property": "mDoesHaveShutdownAnimation",
"Value": true
 },
{
"Property": "mMinimumStoppedTime",
"Value": 5.0
 },
{
"Property": "mDisplayName",
"Value": "Mirror Foundry"
 },
{
"Property": "mDescription",
"Value": "Smelts two resources into alloy ingots.

Has 4 power connections.

Can be automated by feeding ore into it with a conveyor belt connected to the inputs. The produced ingots can be automatically extracted by connecting a conveyor belt to the output."
 },
{
"Property": "mHologramClass",
"Value": "FGFactoryHologram"
 },
{
"Property": "mManufacturingSpeed",
"Value": 1.0
 }]
}