{
  "Class": "/Game/FactoryGame/Buildable/Factory/-Shared/Holo_PipeHyper.Holo_PipeHyper_C",
  "Edits": [
{
"Property": "mBendRadius",
"Value": 300.0
 },
{
"Property": "mMaxSplineLenght",
"Value": 5600.100098
 },
{
"Property": "mMaxIncline",
"Value": 35.0
 },
{
"Property": "mBendRadius2D",
"Value": 199.0
 },
{
"Property": "mMinBendRadius",
"Value": 75.0
 },
{
"Property": "mMaxSplineLength",
"Value": 10000.0
 },
{
"Property": "mMaxJunctionRecursions",
"Value": 5
 },
{
"Property": "mMaxTraversalDistance",
"Value": 10000.0
 }]
}