{
  "Class": "/Dispenser/Buildable/Build_MiniDispenser.Build_MiniDispenser_C",
  "Edits": [
{
"Property": "mPowerConsumption",
"Value": 0.0
 },
{
"Property": "mPowerConsumptionExponent",
"Value": 1.6
 },
{
"Property": "mDoesHaveShutdownAnimation",
"Value": false
 },
{
"Property": "mMinimumStoppedTime",
"Value": 5.0
 },
{
"Property": "mDisplayName",
"Value": "Mini Dispenser"
 },
{
"Property": "mDescription",
"Value": "Compact dispenser with a 4 slot inventory and a belt input."
 },
{
"Property": "mHologramClass",
"Value": "FGStackableStorageHologram"
 },
{
"Property": "mInventorySizeX",
"Value": 4
 },
{
"Property": "mInventorySizeY",
"Value": 1
 },
{
"Property": "mStackingHeight",
"Value": 200.0
 }]
}