{
  "Class": "/Game/FactoryGame/Buildable/Factory/GeneratorFuel/Build_GeneratorFuel.Build_GeneratorFuel_C",
  "Edits": [
{
"Property": "mPowerConsumption",
"Value": 0.0
 },
{
"Property": "mPowerConsumptionExponent",
"Value": 1.6
 },
{
"Property": "mDoesHaveShutdownAnimation",
"Value": false
 },
{
"Property": "mMinimumStoppedTime",
"Value": 5.0
 },
{
"Property": "mDisplayName",
"Value": "Fuel-Powered Generator"
 },
{
"Property": "mDescription",
"Value": "Consumes Fuel to generate electricity for the power grid.
Has a Pipeline input port that allows the Fuel supply to be automated.

Caution: Always generates power at the set clock speed. Shuts down if fuel requirements are not met."
 },
{
"Property": "mHologramClass",
"Value": "FGFactoryHologram"
 },
{
"Property": "mPowerProduction",
"Value": 250.0
 },
{
"Property": "mSupplementalResourceClass",
"Value": ""
 },
{
"Property": "mSupplementalToPowerRatio",
"Value": 0.0
 },
{
"Property": "mSupplementalLoadAmount",
"Value": 0
 },
{
"Property": "mIsFullBlast",
"Value": true
 }]
}