{
  "Class": "/Game/FactoryGame/Buildable/Factory/HadronCollider/Build_HadronCollider.Build_HadronCollider_C",
  "Edits": [
{
"Property": "mPowerConsumption",
"Value": 0.1
 },
{
"Property": "mPowerConsumptionExponent",
"Value": 1.321929
 },
{
"Property": "mDoesHaveShutdownAnimation",
"Value": false
 },
{
"Property": "mMinimumStoppedTime",
"Value": 5.0
 },
{
"Property": "mDisplayName",
"Value": "Particle Accelerator"
 },
{
"Property": "mDescription",
"Value": "Uses electromagnetic fields to propel particles to very high speeds and energies. The specific design allows for a variety of processes, including matter generation and conversion.

Warning: Power usage is extremely high and unstable, and varies per recipe."
 },
{
"Property": "mHologramClass",
"Value": "FGFactoryHologram"
 },
{
"Property": "mManufacturingSpeed",
"Value": 1.0
 }]
}