{
  "Class": "/PackingExpansion/NewPacker/Build_PEPackager.Build_PEPackager_C",
  "Edits": [
{
"Property": "mPowerConsumption",
"Value": 10.0
 },
{
"Property": "mPowerConsumptionExponent",
"Value": 1.321929
 },
{
"Property": "mDoesHaveShutdownAnimation",
"Value": false
 },
{
"Property": "mMinimumStoppedTime",
"Value": 5.0
 },
{
"Property": "mDisplayName",
"Value": "PE Packager"
 },
{
"Property": "mDescription",
"Value": "Packages and unpackages items and fluids for the Packing Expansion Mod
Contains both Conveyor Belt and Pipeline input and output ports so that a wide range of recipes can be automated."
 },
{
"Property": "mHologramClass",
"Value": "FGFactoryHologram"
 },
{
"Property": "mManufacturingSpeed",
"Value": 1.0
 }]
}