{
  "Class": "/Game/FactoryGame/Buildable/Factory/Converter/Build_Converter.Build_Converter_C",
  "Edits": [
{
"Property": "mPowerConsumption",
"Value": 0.1
 },
{
"Property": "mPowerConsumptionExponent",
"Value": 1.321929
 },
{
"Property": "mDoesHaveShutdownAnimation",
"Value": true
 },
{
"Property": "mMinimumStoppedTime",
"Value": 0.0
 },
{
"Property": "mDisplayName",
"Value": "Converter"
 },
{
"Property": "mDescription",
"Value": "The Converter harnesses Reanimated SAM to enable precise matter and energy transmutation.

Warning: Power usage is very high and unstable."
 },
{
"Property": "mHologramClass",
"Value": "FGFactoryHologram"
 },
{
"Property": "mManufacturingSpeed",
"Value": 1.0
 }]
}