{
  "Class": "/PackingExpansion/Generators/GeneratorNuclear/Build_GeneratorNuclearPack.Build_GeneratorNuclearPack_C",
  "Edits": [
{
"Property": "mPowerConsumption",
"Value": 0.0
 },
{
"Property": "mPowerConsumptionExponent",
"Value": 1.6
 },
{
"Property": "mDoesHaveShutdownAnimation",
"Value": true
 },
{
"Property": "mMinimumStoppedTime",
"Value": 5.0
 },
{
"Property": "mDisplayName",
"Value": "PE Nuclear Power Plant"
 },
{
"Property": "mDescription",
"Value": "Consumes Packaged Nuclear Fuel Rods and Pressurized Water to produce electricity for the power grid.

Produces Nuclear Waste, which is extracted from the conveyor belt output.

Caution: Always generates at the set clock speed. Shuts down if fuel requirements are not met."
 },
{
"Property": "mHologramClass",
"Value": "FGFactoryHologram"
 },
{
"Property": "mPowerProduction",
"Value": 2500.0
 },
{
"Property": "mSupplementalResourceClass",
"Value": "WaterCondensed_C"
 },
{
"Property": "mSupplementalToPowerRatio",
"Value": 0.064
 },
{
"Property": "mSupplementalLoadAmount",
"Value": 10000
 },
{
"Property": "mIsFullBlast",
"Value": true
 }]
}