{
  "Class": "/MagicMachine/NewMagic/MagicMachineWIP.MagicMachineWIP_C",
  "Edits": [
{
"Property": "mPowerConsumption",
"Value": 4.0
 },
{
"Property": "mPowerConsumptionExponent",
"Value": 1.321929
 },
{
"Property": "mDoesHaveShutdownAnimation",
"Value": true
 },
{
"Property": "mMinimumStoppedTime",
"Value": 0.0
 },
{
"Property": "mDisplayName",
"Value": "MM Modded Solids"
 },
{
"Property": "mDescription",
"Value": "Produces every items you have in the game."
 },
{
"Property": "mHologramClass",
"Value": "FGFactoryHologram"
 },
{
"Property": "mManufacturingSpeed",
"Value": 1.0
 }]
}