{
"$schema": "https://raw.githubusercontent.com/budak7273/ContentLib_Documentation/refs/heads/main/JsonSchemas/CL_Recipe.json",
"Name": "New Depressurize Liquid Biofuel",
"Ingredients": [
{
      "Item": "LiquidBiofuelCondensed",
      "Amount": 500
 }
],
"Products": [
{
      "Item": "Desc_LiquidBiofuel",
      "Amount": 12500
 }
],
"ManufacturingDuration": 1.25,
"ProducedIn": ["Build_Packer_C","Build_PEPackager_C"],
"OverrideCategory": "UnpackCategory_C",
"ManufacturingMenuPriority": 0.0,
"UnlockedBy": ["Schem_PackExpansion_T3_C"],
"VariablePowerConsumptionConstant": 0.0,
"VariablePowerConsumptionFactor": 1.0,
"ClearIngredients": true,
"ClearProducts": true,
"ClearBuilders": true
}