{
"$schema": "https://raw.githubusercontent.com/budak7273/ContentLib_Documentation/refs/heads/main/JsonSchemas/CL_Recipe.json",
"Name": "New Alternate: Bolted Frame",
"Ingredients": [
{
      "Item": "Desc_IronPlateReinforced",
      "Amount": 3
 },
{
      "Item": "Desc_IronScrew",
      "Amount": 56
 }
],
"Products": [
{
      "Item": "Desc_ModularFrame",
      "Amount": 2
 }
],
"ManufacturingDuration": 24.0,
"ProducedIn": ["Build_AssemblerMk1_C"],
"OverrideCategory": "Cat_StandardParts_C",
"ManufacturingMenuPriority": 11.0,
"UnlockedBy": ["Schematic_Alternate_BoltedFrame_C"],
"VariablePowerConsumptionConstant": 0.0,
"VariablePowerConsumptionFactor": 1.0,
"ClearIngredients": true,
"ClearProducts": true,
"ClearBuilders": true
}