{
"$schema": "https://raw.githubusercontent.com/budak7273/ContentLib_Documentation/refs/heads/main/JsonSchemas/CL_Recipe.json",
"Name": "New Alternate: Aluminum Rod",
"Ingredients": [
{
      "Item": "Desc_AluminumIngot",
      "Amount": 1
 }
],
"Products": [
{
      "Item": "Desc_IronRod",
      "Amount": 7
 }
],
"ManufacturingDuration": 8.0,
"ProducedIn": ["Build_ConstructorMk1_C"],
"OverrideCategory": "Cat_StandardParts_C",
"ManufacturingMenuPriority": 3.0,
"UnlockedBy": ["Schematic_Alternate_AluminumRod_C"],
"VariablePowerConsumptionConstant": 0.0,
"VariablePowerConsumptionFactor": 1.0,
"ClearIngredients": true,
"ClearProducts": true,
"ClearBuilders": true
}