{
"$schema": "https://raw.githubusercontent.com/budak7273/ContentLib_Documentation/refs/heads/main/JsonSchemas/CL_Recipe.json",
"Name": "New Alt: Heavy Encased Frame Pack",
"Ingredients": [
{
      "Item": "ModularFramePack",
      "Amount": 8
 },
{
      "Item": "EncasedIndustrialBeamPack",
      "Amount": 10
 },
{
      "Item": "SteelPipePack",
      "Amount": 36
 },
{
      "Item": "ConcretePack",
      "Amount": 22
 }
],
"Products": [
{
      "Item": "HeavyModularFramePack",
      "Amount": 3
 }
],
"ManufacturingDuration": 1600.0,
"ProducedIn": ["Build_ManufacturerMk1_C"],
"OverrideCategory": "Cat_StandardParts_C",
"ManufacturingMenuPriority": 0.0,
"UnlockedBy": ["Schem_PackRecipes_T6_C"],
"VariablePowerConsumptionConstant": 0.0,
"VariablePowerConsumptionFactor": 1.0,
"ClearIngredients": true,
"ClearProducts": true,
"ClearBuilders": true
}