{
"$schema": "https://raw.githubusercontent.com/budak7273/ContentLib_Documentation/refs/heads/main/JsonSchemas/CL_Recipe.json",
"Name": "New Alternate: Fine Concrete",
"Ingredients": [
{
      "Item": "Desc_Silica",
      "Amount": 3
 },
{
      "Item": "Desc_Stone",
      "Amount": 12
 }
],
"Products": [
{
      "Item": "Desc_Cement",
      "Amount": 10
 }
],
"ManufacturingDuration": 12.0,
"ProducedIn": ["Build_AssemblerMk1_C"],
"OverrideCategory": "Cat_Minerals_C",
"ManufacturingMenuPriority": 0.0,
"UnlockedBy": ["Schematic_Alternate_Concrete_C"],
"VariablePowerConsumptionConstant": 0.0,
"VariablePowerConsumptionFactor": 1.0,
"ClearIngredients": true,
"ClearProducts": true,
"ClearBuilders": true
}