{
"$schema": "https://raw.githubusercontent.com/budak7273/ContentLib_Documentation/refs/heads/main/JsonSchemas/CL_Recipe.json",
"Name": "New Alt: Fine Black Powder Pack",
"Ingredients": [
{
      "Item": "SulfurPack",
      "Amount": 1
 },
{
      "Item": "CompactedCoalPack",
      "Amount": 2
 }
],
"Products": [
{
      "Item": "BlackPowderPack",
      "Amount": 6
 }
],
"ManufacturingDuration": 200.0,
"ProducedIn": ["Build_AssemblerMk1_C"],
"OverrideCategory": "Cat_Ammunition_C",
"ManufacturingMenuPriority": 0.0,
"UnlockedBy": ["Schem_PackRecipes_T3_C"],
"VariablePowerConsumptionConstant": 0.0,
"VariablePowerConsumptionFactor": 1.0,
"ClearIngredients": true,
"ClearProducts": true,
"ClearBuilders": true
}