{
"$schema": "https://raw.githubusercontent.com/budak7273/ContentLib_Documentation/refs/heads/main/JsonSchemas/CL_Recipe.json",
"Name": "New Alternate: Electromagnetic Connection Rod",
"Ingredients": [
{
      "Item": "Desc_Stator",
      "Amount": 2
 },
{
      "Item": "Desc_HighSpeedConnector",
      "Amount": 1
 }
],
"Products": [
{
      "Item": "Desc_ElectromagneticControlRod",
      "Amount": 2
 }
],
"ManufacturingDuration": 15.0,
"ProducedIn": ["Build_AssemblerMk1_C"],
"OverrideCategory": "Cat_Nuclear_C",
"ManufacturingMenuPriority": 2.0,
"UnlockedBy": ["Schematic_Alternate_ElectromagneticControlRod1_C"],
"VariablePowerConsumptionConstant": 0.0,
"VariablePowerConsumptionFactor": 1.0,
"ClearIngredients": true,
"ClearProducts": true,
"ClearBuilders": true
}