{
"$schema": "https://raw.githubusercontent.com/budak7273/ContentLib_Documentation/refs/heads/main/JsonSchemas/CL_Recipe.json",
"Name": "New Alternate: Silicon High-Speed Connector",
"Ingredients": [
{
      "Item": "Desc_HighSpeedWire",
      "Amount": 60
 },
{
      "Item": "Desc_Silica",
      "Amount": 25
 },
{
      "Item": "Desc_CircuitBoard",
      "Amount": 2
 }
],
"Products": [
{
      "Item": "Desc_HighSpeedConnector",
      "Amount": 2
 }
],
"ManufacturingDuration": 40.0,
"ProducedIn": ["Build_ManufacturerMk1_C"],
"OverrideCategory": "Cat_Electronics_C",
"ManufacturingMenuPriority": 11.0,
"UnlockedBy": ["Schematic_Alternate_HighSpeedConnector_C"],
"VariablePowerConsumptionConstant": 0.0,
"VariablePowerConsumptionFactor": 1.0,
"ClearIngredients": true,
"ClearProducts": true,
"ClearBuilders": true
}