{
"$schema": "https://raw.githubusercontent.com/budak7273/ContentLib_Documentation/refs/heads/main/JsonSchemas/CL_Recipe.json",
"Name": "New Alternate: Tempered Caterium Ingot",
"Ingredients": [
{
      "Item": "Desc_OreGold",
      "Amount": 6
 },
{
      "Item": "Desc_PetroleumCoke",
      "Amount": 2
 }
],
"Products": [
{
      "Item": "Desc_GoldIngot",
      "Amount": 3
 }
],
"ManufacturingDuration": 8.0,
"ProducedIn": ["Build_FoundryMk1_C"],
"OverrideCategory": "Cat_Ingots_C",
"ManufacturingMenuPriority": 8.0,
"UnlockedBy": ["Schematic_Alternate_CateriumIngot_Tempered_C"],
"VariablePowerConsumptionConstant": 0.0,
"VariablePowerConsumptionFactor": 1.0,
"ClearIngredients": true,
"ClearProducts": true,
"ClearBuilders": true
}