{
"$schema": "https://raw.githubusercontent.com/budak7273/ContentLib_Documentation/refs/heads/main/JsonSchemas/CL_Recipe.json",
"Name": "New Alternate: Flexible Framework",
"Ingredients": [
{
      "Item": "Desc_ModularFrame",
      "Amount": 1
 },
{
      "Item": "Desc_SteelPlate",
      "Amount": 6
 },
{
      "Item": "Desc_Rubber",
      "Amount": 8
 }
],
"Products": [
{
      "Item": "Desc_SpaceElevatorPart_2",
      "Amount": 2
 }
],
"ManufacturingDuration": 16.0,
"ProducedIn": ["Build_ManufacturerMk1_C"],
"OverrideCategory": "Cat_SpaceElevator_C",
"ManufacturingMenuPriority": 1.0,
"UnlockedBy": ["Schematic_Alternate_FlexibleFramework_C"],
"VariablePowerConsumptionConstant": 0.0,
"VariablePowerConsumptionFactor": 1.0,
"ClearIngredients": true,
"ClearProducts": true,
"ClearBuilders": true
}