{
"$schema": "https://raw.githubusercontent.com/budak7273/ContentLib_Documentation/refs/heads/main/JsonSchemas/CL_Recipe.json",
"Name": "New Alt: Fine Concrete Pack",
"Ingredients": [
{
      "Item": "SilicaPack",
      "Amount": 3
 },
{
      "Item": "LimestonePack",
      "Amount": 12
 }
],
"Products": [
{
      "Item": "ConcretePack",
      "Amount": 10
 }
],
"ManufacturingDuration": 300.0,
"ProducedIn": ["Build_AssemblerMk1_C"],
"OverrideCategory": "Cat_Minerals_C",
"ManufacturingMenuPriority": 0.0,
"UnlockedBy": ["Schem_PackRecipes_T2_C"],
"VariablePowerConsumptionConstant": 0.0,
"VariablePowerConsumptionFactor": 1.0,
"ClearIngredients": true,
"ClearProducts": true,
"ClearBuilders": true
}