{
"$schema": "https://raw.githubusercontent.com/budak7273/ContentLib_Documentation/refs/heads/main/JsonSchemas/CL_Recipe.json",
"Name": "New Alt: Cloudy Diamonds Pack",
"Ingredients": [
{
      "Item": "CoalPack",
      "Amount": 12
 },
{
      "Item": "LimestonePack",
      "Amount": 24
 }
],
"Products": [
{
      "Item": "DiamondsPack",
      "Amount": 1
 }
],
"ManufacturingDuration": 75.0,
"ProducedIn": ["Build_HadronCollider_C"],
"OverrideCategory": "Cat_AdvancedRefinement_C",
"ManufacturingMenuPriority": 0.0,
"UnlockedBy": ["Schem_PackRecipes_T9_C"],
"VariablePowerConsumptionConstant": 250.0,
"VariablePowerConsumptionFactor": 500.0,
"ClearIngredients": true,
"ClearProducts": true,
"ClearBuilders": true
}