{
"$schema": "https://raw.githubusercontent.com/budak7273/ContentLib_Documentation/refs/heads/main/JsonSchemas/CL_Recipe.json",
"Name": "New Alternate: Rigor Motor",
"Ingredients": [
{
      "Item": "Desc_Rotor",
      "Amount": 3
 },
{
      "Item": "Desc_Stator",
      "Amount": 3
 },
{
      "Item": "Desc_CrystalOscillator",
      "Amount": 1
 }
],
"Products": [
{
      "Item": "Desc_Motor",
      "Amount": 6
 }
],
"ManufacturingDuration": 48.0,
"ProducedIn": ["Build_ManufacturerMk1_C"],
"OverrideCategory": "Cat_IndustrialParts_C",
"ManufacturingMenuPriority": 0.0,
"UnlockedBy": ["Schematic_Alternate_Motor1_C"],
"VariablePowerConsumptionConstant": 0.0,
"VariablePowerConsumptionFactor": 1.0,
"ClearIngredients": true,
"ClearProducts": true,
"ClearBuilders": true
}