{
"$schema": "https://raw.githubusercontent.com/budak7273/ContentLib_Documentation/refs/heads/main/JsonSchemas/CL_Recipe.json",
"Name": "New Alternate: Electrode Aluminum Scrap",
"Ingredients": [
{
      "Item": "Desc_AluminaSolution",
      "Amount": 12000
 },
{
      "Item": "Desc_PetroleumCoke",
      "Amount": 4
 }
],
"Products": [
{
      "Item": "Desc_AluminumScrap",
      "Amount": 20
 },
{
      "Item": "Desc_Water",
      "Amount": 7000
 }
],
"ManufacturingDuration": 4.0,
"ProducedIn": ["Build_OilRefinery_C"],
"OverrideCategory": "Cat_AdvancedRefinement_C",
"ManufacturingMenuPriority": 3.0,
"UnlockedBy": ["Schematic_Alternate_ElectroAluminumScrap_C"],
"VariablePowerConsumptionConstant": 0.0,
"VariablePowerConsumptionFactor": 1.0,
"ClearIngredients": true,
"ClearProducts": true,
"ClearBuilders": true
}