{
"$schema": "https://raw.githubusercontent.com/budak7273/ContentLib_Documentation/refs/heads/main/JsonSchemas/CL_Recipe.json",
"Name": "New Alt: Molded Steel Pipe Pack",
"Ingredients": [
{
      "Item": "SteelIngotPack",
      "Amount": 5
 },
{
      "Item": "ConcretePack",
      "Amount": 3
 }
],
"Products": [
{
      "Item": "SteelPipePack",
      "Amount": 5
 }
],
"ManufacturingDuration": 150.0,
"ProducedIn": ["Build_FoundryMk1_C"],
"OverrideCategory": "Cat_StandardParts_C",
"ManufacturingMenuPriority": 0.0,
"UnlockedBy": ["Schem_PackRecipes_T3_C"],
"VariablePowerConsumptionConstant": 0.0,
"VariablePowerConsumptionFactor": 1.0,
"ClearIngredients": true,
"ClearProducts": true,
"ClearBuilders": true
}