{
"$schema": "https://raw.githubusercontent.com/budak7273/ContentLib_Documentation/refs/heads/main/JsonSchemas/CL_Recipe.json",
"Name": "New Alt: Compacted Steel Ingot Pack",
"Ingredients": [
{
      "Item": "IronOrePack",
      "Amount": 2
 },
{
      "Item": "CompactedCoalPack",
      "Amount": 1
 }
],
"Products": [
{
      "Item": "SteelIngotPack",
      "Amount": 4
 }
],
"ManufacturingDuration": 600.0,
"ProducedIn": ["Build_FoundryMk1_C"],
"OverrideCategory": "Cat_Ingots_C",
"ManufacturingMenuPriority": 0.0,
"UnlockedBy": ["Schem_PackRecipes_T3_C"],
"VariablePowerConsumptionConstant": 0.0,
"VariablePowerConsumptionFactor": 1.0,
"ClearIngredients": true,
"ClearProducts": true,
"ClearBuilders": true
}