{
"$schema": "https://raw.githubusercontent.com/budak7273/ContentLib_Documentation/refs/heads/main/JsonSchemas/CL_Recipe.json",
"Name": "New Alt: Heat-Fused Frame Pack",
"Ingredients": [
{
      "Item": "HeavyModularFramePack",
      "Amount": 1
 },
{
      "Item": "AluminumIngotPack",
      "Amount": 50
 },
{
      "Item": "NitricAcidCondensed",
      "Amount": 8000
 },
{
      "Item": "FuelCondensed",
      "Amount": 10000
 }
],
"Products": [
{
      "Item": "FusedModularFramePack",
      "Amount": 1
 }
],
"ManufacturingDuration": 500.0,
"ProducedIn": ["Build_Blender_C"],
"OverrideCategory": "Cat_IndustrialParts_C",
"ManufacturingMenuPriority": 0.0,
"UnlockedBy": ["Schem_PackRecipes_T8_C"],
"VariablePowerConsumptionConstant": 0.0,
"VariablePowerConsumptionFactor": 1.0,
"ClearIngredients": true,
"ClearProducts": true,
"ClearBuilders": true
}