{
"$schema": "https://raw.githubusercontent.com/budak7273/ContentLib_Documentation/refs/heads/main/JsonSchemas/CL_Recipe.json",
"Name": "New Alternate: Basic Iron Ingot",
"Ingredients": [
{
      "Item": "Desc_OreIron",
      "Amount": 5
 },
{
      "Item": "Desc_Stone",
      "Amount": 8
 }
],
"Products": [
{
      "Item": "Desc_IronIngot",
      "Amount": 10
 }
],
"ManufacturingDuration": 12.0,
"ProducedIn": ["Build_FoundryMk1_C"],
"OverrideCategory": "Cat_Ingots_C",
"ManufacturingMenuPriority": 1.0,
"UnlockedBy": ["Schematic_Alternate_IronIngot_Basic_C"],
"VariablePowerConsumptionConstant": 0.0,
"VariablePowerConsumptionFactor": 1.0,
"ClearIngredients": true,
"ClearProducts": true,
"ClearBuilders": true
}