{
"$schema": "https://raw.githubusercontent.com/budak7273/ContentLib_Documentation/refs/heads/main/JsonSchemas/CL_Recipe.json",
"Name": "New Alternate: Encased Industrial Pipe",
"Ingredients": [
{
      "Item": "Desc_SteelPipe",
      "Amount": 6
 },
{
      "Item": "Desc_Cement",
      "Amount": 5
 }
],
"Products": [
{
      "Item": "Desc_SteelPlateReinforced",
      "Amount": 1
 }
],
"ManufacturingDuration": 15.0,
"ProducedIn": ["Build_AssemblerMk1_C"],
"OverrideCategory": "Cat_StandardParts_C",
"ManufacturingMenuPriority": 16.0,
"UnlockedBy": ["Schematic_Alternate_ReinforcedSteelPlate_C"],
"VariablePowerConsumptionConstant": 0.0,
"VariablePowerConsumptionFactor": 1.0,
"ClearIngredients": true,
"ClearProducts": true,
"ClearBuilders": true
}