{
"$schema": "https://raw.githubusercontent.com/budak7273/ContentLib_Documentation/refs/heads/main/JsonSchemas/CL_Recipe.json",
"Name": "New Alt: Fused Quickwire Pack",
"Ingredients": [
{
      "Item": "CateriumIngotPack",
      "Amount": 1
 },
{
      "Item": "CopperIngotPack",
      "Amount": 5
 }
],
"Products": [
{
      "Item": "QuickwirePack",
      "Amount": 12
 }
],
"ManufacturingDuration": 200.0,
"ProducedIn": ["Build_AssemblerMk1_C"],
"OverrideCategory": "Cat_Electronics_C",
"ManufacturingMenuPriority": 102.0,
"UnlockedBy": ["Schem_PackRecipes_T2_C"],
"VariablePowerConsumptionConstant": 0.0,
"VariablePowerConsumptionFactor": 1.0,
"ClearIngredients": true,
"ClearProducts": true,
"ClearBuilders": true
}