{
"$schema": "https://raw.githubusercontent.com/budak7273/ContentLib_Documentation/refs/heads/main/JsonSchemas/CL_Recipe.json",
"Name": "New Alternate: Cooling Device",
"Ingredients": [
{
      "Item": "Desc_AluminumPlateReinforced",
      "Amount": 4
 },
{
      "Item": "Desc_Motor",
      "Amount": 1
 },
{
      "Item": "Desc_NitrogenGas",
      "Amount": 24000
 }
],
"Products": [
{
      "Item": "Desc_CoolingSystem",
      "Amount": 2
 }
],
"ManufacturingDuration": 24.0,
"ProducedIn": ["Build_Blender_C"],
"OverrideCategory": "Cat_IndustrialParts_C",
"ManufacturingMenuPriority": 2.0,
"UnlockedBy": ["Schematic_Alternate_CoolingDevice_C"],
"VariablePowerConsumptionConstant": 0.0,
"VariablePowerConsumptionFactor": 1.0,
"ClearIngredients": true,
"ClearProducts": true,
"ClearBuilders": true
}