{
"$schema": "https://raw.githubusercontent.com/budak7273/ContentLib_Documentation/refs/heads/main/JsonSchemas/CL_Recipe.json",
"Name": "New Alt: Electrode-Aluminum Scrap Pack",
"Ingredients": [
{
      "Item": "AluminaCondensed",
      "Amount": 12000
 },
{
      "Item": "PetroleumCokePack",
      "Amount": 4
 }
],
"Products": [
{
      "Item": "AluminumScrapPack",
      "Amount": 20
 },
{
      "Item": "WaterCondensed",
      "Amount": 7000
 }
],
"ManufacturingDuration": 100.0,
"ProducedIn": ["Build_OilRefinery_C"],
"OverrideCategory": "Cat_AdvancedRefinement_C",
"ManufacturingMenuPriority": 0.0,
"UnlockedBy": ["Schem_PackRecipes_T7_C"],
"VariablePowerConsumptionConstant": 0.0,
"VariablePowerConsumptionFactor": 1.0,
"ClearIngredients": true,
"ClearProducts": true,
"ClearBuilders": true
}