{
"$schema": "https://raw.githubusercontent.com/budak7273/ContentLib_Documentation/refs/heads/main/JsonSchemas/CL_Recipe.json",
"Name": "New Alt: Dark Matter Trap Pack",
"Ingredients": [
{
      "Item": "TimeCrystalPack",
      "Amount": 1
 },
{
      "Item": "DarkMatterResidueCondensed",
      "Amount": 5000
 }
],
"Products": [
{
      "Item": "DarkMatterCrystalPack",
      "Amount": 2
 }
],
"ManufacturingDuration": 50.0,
"ProducedIn": ["Build_HadronCollider_C"],
"OverrideCategory": "Cat_Quantum_C",
"ManufacturingMenuPriority": 0.0,
"UnlockedBy": ["Schem_PackRecipes_T9_C"],
"VariablePowerConsumptionConstant": 500.0,
"VariablePowerConsumptionFactor": 1000.0,
"ClearIngredients": true,
"ClearProducts": true,
"ClearBuilders": true
}