{
"$schema": "https://raw.githubusercontent.com/budak7273/ContentLib_Documentation/refs/heads/main/JsonSchemas/CL_Recipe.json",
"Name": "New Alternate: Diluted Fuel",
"Ingredients": [
{
      "Item": "Desc_HeavyOilResidue",
      "Amount": 5000
 },
{
      "Item": "Desc_Water",
      "Amount": 10000
 }
],
"Products": [
{
      "Item": "Desc_LiquidFuel",
      "Amount": 10000
 }
],
"ManufacturingDuration": 6.0,
"ProducedIn": ["Build_Blender_C"],
"OverrideCategory": "Cat_Fuel_C",
"ManufacturingMenuPriority": 0.0,
"UnlockedBy": ["Schematic_Alternate_DilutedFuel_C"],
"VariablePowerConsumptionConstant": 0.0,
"VariablePowerConsumptionFactor": 1.0,
"ClearIngredients": true,
"ClearProducts": true,
"ClearBuilders": true
}