{
"$schema": "https://raw.githubusercontent.com/budak7273/ContentLib_Documentation/refs/heads/main/JsonSchemas/CL_Recipe.json",
"Name": "New Alternate: Tempered Copper Ingot",
"Ingredients": [
{
      "Item": "Desc_OreCopper",
      "Amount": 5
 },
{
      "Item": "Desc_PetroleumCoke",
      "Amount": 8
 }
],
"Products": [
{
      "Item": "Desc_CopperIngot",
      "Amount": 12
 }
],
"ManufacturingDuration": 12.0,
"ProducedIn": ["Build_FoundryMk1_C"],
"OverrideCategory": "Cat_Ingots_C",
"ManufacturingMenuPriority": 3.0,
"UnlockedBy": ["Schematic_Alternate_CopperIngot_Tempered_C"],
"VariablePowerConsumptionConstant": 0.0,
"VariablePowerConsumptionFactor": 1.0,
"ClearIngredients": true,
"ClearProducts": true,
"ClearBuilders": true
}