{
"$schema": "https://raw.githubusercontent.com/budak7273/ContentLib_Documentation/refs/heads/main/JsonSchemas/CL_Recipe.json",
"Name": "New Alt: Encased Industrial Pipe Pack",
"Ingredients": [
{
      "Item": "SteelPipePack",
      "Amount": 6
 },
{
      "Item": "ConcretePack",
      "Amount": 5
 }
],
"Products": [
{
      "Item": "EncasedIndustrialBeamPack",
      "Amount": 1
 }
],
"ManufacturingDuration": 375.0,
"ProducedIn": ["Build_AssemblerMk1_C"],
"OverrideCategory": "Cat_StandardParts_C",
"ManufacturingMenuPriority": 0.0,
"UnlockedBy": ["Schem_PackRecipes_T4_C"],
"VariablePowerConsumptionConstant": 0.0,
"VariablePowerConsumptionFactor": 1.0,
"ClearIngredients": true,
"ClearProducts": true,
"ClearBuilders": true
}