{
"$schema": "https://raw.githubusercontent.com/budak7273/ContentLib_Documentation/refs/heads/main/JsonSchemas/CL_Recipe.json",
"Name": "New Alternate: Solid Steel Ingot",
"Ingredients": [
{
      "Item": "Desc_IronIngot",
      "Amount": 2
 },
{
      "Item": "Desc_Coal",
      "Amount": 2
 }
],
"Products": [
{
      "Item": "Desc_SteelIngot",
      "Amount": 3
 }
],
"ManufacturingDuration": 3.0,
"ProducedIn": ["Build_FoundryMk1_C"],
"OverrideCategory": "Cat_Ingots_C",
"ManufacturingMenuPriority": 5.0,
"UnlockedBy": ["Schematic_Alternate_IngotSteel1_C"],
"VariablePowerConsumptionConstant": 0.0,
"VariablePowerConsumptionFactor": 1.0,
"ClearIngredients": true,
"ClearProducts": true,
"ClearBuilders": true
}