{
"$schema": "https://raw.githubusercontent.com/budak7273/ContentLib_Documentation/refs/heads/main/JsonSchemas/CL_Recipe.json",
"Name": "New Alt: Heat Exchanger Pack",
"Ingredients": [
{
      "Item": "AluminumCasingPack",
      "Amount": 3
 },
{
      "Item": "RubberPack",
      "Amount": 3
 }
],
"Products": [
{
      "Item": "HeatSinkPack",
      "Amount": 1
 }
],
"ManufacturingDuration": 150.0,
"ProducedIn": ["Build_AssemblerMk1_C"],
"OverrideCategory": "Cat_IndustrialParts_C",
"ManufacturingMenuPriority": 0.0,
"UnlockedBy": ["Schem_PackRecipes_T8_C"],
"VariablePowerConsumptionConstant": 0.0,
"VariablePowerConsumptionFactor": 1.0,
"ClearIngredients": true,
"ClearProducts": true,
"ClearBuilders": true
}