{
"$schema": "https://raw.githubusercontent.com/budak7273/ContentLib_Documentation/refs/heads/main/JsonSchemas/CL_Recipe.json",
"Name": "New Alternate: Coated Iron Plate",
"Ingredients": [
{
      "Item": "Desc_IronIngot",
      "Amount": 5
 },
{
      "Item": "Desc_Plastic",
      "Amount": 1
 }
],
"Products": [
{
      "Item": "Desc_IronPlate",
      "Amount": 10
 }
],
"ManufacturingDuration": 8.0,
"ProducedIn": ["Build_AssemblerMk1_C"],
"OverrideCategory": "Cat_StandardParts_C",
"ManufacturingMenuPriority": 0.0,
"UnlockedBy": ["Schematic_Alternate_CoatedIronPlate_C"],
"VariablePowerConsumptionConstant": 0.0,
"VariablePowerConsumptionFactor": 1.0,
"ClearIngredients": true,
"ClearProducts": true,
"ClearBuilders": true
}