{
"$schema": "https://raw.githubusercontent.com/budak7273/ContentLib_Documentation/refs/heads/main/JsonSchemas/CL_Recipe.json",
"Name": "New Alternate: Automated Miner",
"Ingredients": [
{
      "Item": "Desc_SteelPipe",
      "Amount": 4
 },
{
      "Item": "Desc_IronPlate",
      "Amount": 4
 }
],
"Products": [
{
      "Item": "BP_ItemDescriptorPortableMiner",
      "Amount": 1
 }
],
"ManufacturingDuration": 60.0,
"ProducedIn": ["Build_AssemblerMk1_C"],
"OverrideCategory": "Cat_Hands_C",
"ManufacturingMenuPriority": 0.0,
"UnlockedBy": ["Schematic_Alternate_AutomatedMiner_C"],
"VariablePowerConsumptionConstant": 0.0,
"VariablePowerConsumptionFactor": 1.0,
"ClearIngredients": true,
"ClearProducts": true,
"ClearBuilders": true
}