{
"$schema": "https://raw.githubusercontent.com/budak7273/ContentLib_Documentation/refs/heads/main/JsonSchemas/CL_Recipe.json",
"Name": "New Alternate: Fertile Uranium",
"Ingredients": [
{
      "Item": "Desc_OreUranium",
      "Amount": 5
 },
{
      "Item": "Desc_NuclearWaste",
      "Amount": 5
 },
{
      "Item": "Desc_NitricAcid",
      "Amount": 3000
 },
{
      "Item": "Desc_SulfuricAcid",
      "Amount": 5000
 }
],
"Products": [
{
      "Item": "Desc_NonFissibleUranium",
      "Amount": 20
 },
{
      "Item": "Desc_Water",
      "Amount": 8000
 }
],
"ManufacturingDuration": 12.0,
"ProducedIn": ["Build_Blender_C"],
"OverrideCategory": "Cat_Nuclear_C",
"ManufacturingMenuPriority": 3.0,
"UnlockedBy": ["Schematic_Alternate_FertileUranium_C"],
"VariablePowerConsumptionConstant": 0.0,
"VariablePowerConsumptionFactor": 1.0,
"ClearIngredients": true,
"ClearProducts": true,
"ClearBuilders": true
}