{
"$schema": "https://raw.githubusercontent.com/budak7273/ContentLib_Documentation/refs/heads/main/JsonSchemas/CL_Recipe.json",
"Name": "New Alternate: Compacted Steel Ingot",
"Ingredients": [
{
      "Item": "Desc_OreIron",
      "Amount": 2
 },
{
      "Item": "Desc_CompactedCoal",
      "Amount": 1
 }
],
"Products": [
{
      "Item": "Desc_SteelIngot",
      "Amount": 4
 }
],
"ManufacturingDuration": 24.0,
"ProducedIn": ["Build_FoundryMk1_C"],
"OverrideCategory": "Cat_Ingots_C",
"ManufacturingMenuPriority": 7.0,
"UnlockedBy": ["Schematic_Alternate_IngotSteel2_C"],
"VariablePowerConsumptionConstant": 0.0,
"VariablePowerConsumptionFactor": 1.0,
"ClearIngredients": true,
"ClearProducts": true,
"ClearBuilders": true
}