{
"$schema": "https://raw.githubusercontent.com/budak7273/ContentLib_Documentation/refs/heads/main/JsonSchemas/CL_Recipe.json",
"Name": "New Alternate: Fused Wire",
"Ingredients": [
{
      "Item": "Desc_CopperIngot",
      "Amount": 4
 },
{
      "Item": "Desc_GoldIngot",
      "Amount": 1
 }
],
"Products": [
{
      "Item": "Desc_Wire",
      "Amount": 30
 }
],
"ManufacturingDuration": 20.0,
"ProducedIn": ["Build_AssemblerMk1_C"],
"OverrideCategory": "Cat_Electronics_C",
"ManufacturingMenuPriority": 0.0,
"UnlockedBy": ["Schematic_Alternate_FusedWire_C"],
"VariablePowerConsumptionConstant": 0.0,
"VariablePowerConsumptionFactor": 1.0,
"ClearIngredients": true,
"ClearProducts": true,
"ClearBuilders": true
}