{
"$schema": "https://raw.githubusercontent.com/budak7273/ContentLib_Documentation/refs/heads/main/JsonSchemas/CL_Recipe.json",
"Name": "New Alt: Caterium Wire Pack",
"Ingredients": [
{
      "Item": "CateriumIngotPack",
      "Amount": 1
 }
],
"Products": [
{
      "Item": "WirePack",
      "Amount": 8
 }
],
"ManufacturingDuration": 100.0,
"ProducedIn": ["Build_ConstructorMk1_C"],
"OverrideCategory": "Cat_Electronics_C",
"ManufacturingMenuPriority": 102.0,
"UnlockedBy": ["Schem_PackRecipes_T2_C"],
"VariablePowerConsumptionConstant": 0.0,
"VariablePowerConsumptionFactor": 1.0,
"ClearIngredients": true,
"ClearProducts": true,
"ClearBuilders": true
}