{
"$schema": "https://raw.githubusercontent.com/budak7273/ContentLib_Documentation/refs/heads/main/JsonSchemas/CL_Recipe.json",
"Name": "New Alternate: Coated Cable",
"Ingredients": [
{
      "Item": "Desc_Wire",
      "Amount": 5
 },
{
      "Item": "Desc_HeavyOilResidue",
      "Amount": 2000
 }
],
"Products": [
{
      "Item": "Desc_Cable",
      "Amount": 9
 }
],
"ManufacturingDuration": 8.0,
"ProducedIn": ["Build_OilRefinery_C"],
"OverrideCategory": "Cat_Other_C",
"ManufacturingMenuPriority": 0.0,
"UnlockedBy": ["Schematic_Alternate_CoatedCable_C"],
"VariablePowerConsumptionConstant": 0.0,
"VariablePowerConsumptionFactor": 1.0,
"ClearIngredients": true,
"ClearProducts": true,
"ClearBuilders": true
}