{
"$schema": "https://raw.githubusercontent.com/budak7273/ContentLib_Documentation/refs/heads/main/JsonSchemas/CL_Recipe.json",
"Name": "New Alternate: Dark-Ion Fuel",
"Ingredients": [
{
      "Item": "Desc_PackagedRocketFuel",
      "Amount": 12
 },
{
      "Item": "Desc_DarkMatter",
      "Amount": 4
 }
],
"Products": [
{
      "Item": "Desc_IonizedFuel",
      "Amount": 10000
 },
{
      "Item": "Desc_CompactedCoal",
      "Amount": 2
 }
],
"ManufacturingDuration": 3.0,
"ProducedIn": ["Build_Converter_C"],
"OverrideCategory": "Cat_AdvancedRefinement_C",
"ManufacturingMenuPriority": 1.0,
"UnlockedBy": ["Schematic_Alternate_IonizedFuel_Dark_C"],
"VariablePowerConsumptionConstant": 100.0,
"VariablePowerConsumptionFactor": 300.0,
"ClearIngredients": true,
"ClearProducts": true,
"ClearBuilders": true
}