{
"$schema": "https://raw.githubusercontent.com/budak7273/ContentLib_Documentation/refs/heads/main/JsonSchemas/CL_Recipe.json",
"Name": "New Alien DNA Capsule",
"Ingredients": [
{
      "Item": "Desc_AlienProtein",
      "Amount": 1
 }
],
"Products": [
{
      "Item": "Desc_AlienDNACapsule",
      "Amount": 1
 }
],
"ManufacturingDuration": 6.0,
"ProducedIn": ["Build_ConstructorMk1_C","FGBuildableAutomatedWorkBench"],
"OverrideCategory": "Cat_AlienRemains_C",
"ManufacturingMenuPriority": 10.0,
"UnlockedBy": ["Research_AO_DNACapsule_C"],
"VariablePowerConsumptionConstant": 0.0,
"VariablePowerConsumptionFactor": 1.0,
"ClearIngredients": true,
"ClearProducts": true,
"ClearBuilders": false
}