{
"$schema": "https://raw.githubusercontent.com/budak7273/ContentLib_Documentation/refs/heads/main/JsonSchemas/CL_Recipe.json",
"Name": "New Alternate: Iron Alloy Ingot",
"Ingredients": [
{
      "Item": "Desc_OreIron",
      "Amount": 8
 },
{
      "Item": "Desc_OreCopper",
      "Amount": 2
 }
],
"Products": [
{
      "Item": "Desc_IronIngot",
      "Amount": 15
 }
],
"ManufacturingDuration": 12.0,
"ProducedIn": ["Build_FoundryMk1_C"],
"OverrideCategory": "Cat_Ingots_C",
"ManufacturingMenuPriority": 0.0,
"UnlockedBy": ["Schematic_Alternate_IngotIron_C"],
"VariablePowerConsumptionConstant": 0.0,
"VariablePowerConsumptionFactor": 1.0,
"ClearIngredients": true,
"ClearProducts": true,
"ClearBuilders": true
}