{
"$schema": "https://raw.githubusercontent.com/budak7273/ContentLib_Documentation/refs/heads/main/JsonSchemas/CL_Recipe.json",
"Name": "New Alt: Compacted Coal Pack",
"Ingredients": [
{
      "Item": "CoalPack",
      "Amount": 5
 },
{
      "Item": "SulfurPack",
      "Amount": 5
 }
],
"Products": [
{
      "Item": "CompactedCoalPack",
      "Amount": 5
 }
],
"ManufacturingDuration": 300.0,
"ProducedIn": ["Build_AssemblerMk1_C"],
"OverrideCategory": "Cat_Minerals_C",
"ManufacturingMenuPriority": 0.0,
"UnlockedBy": ["Schem_PackRecipes_T3_C"],
"VariablePowerConsumptionConstant": 0.0,
"VariablePowerConsumptionFactor": 1.0,
"ClearIngredients": true,
"ClearProducts": true,
"ClearBuilders": true
}