{
"$schema": "https://raw.githubusercontent.com/budak7273/ContentLib_Documentation/refs/heads/main/JsonSchemas/CL_Recipe.json",
"Name": "New Alt: Crystal Computer Pack",
"Ingredients": [
{
      "Item": "CircuitBoardPack",
      "Amount": 3
 },
{
      "Item": "CrystalOscillatorPack",
      "Amount": 1
 }
],
"Products": [
{
      "Item": "ComputerPack",
      "Amount": 2
 }
],
"ManufacturingDuration": 900.0,
"ProducedIn": ["Build_AssemblerMk1_C"],
"OverrideCategory": "Cat_Electronics_C",
"ManufacturingMenuPriority": 0.0,
"UnlockedBy": ["Schem_PackRecipes_T6_C"],
"VariablePowerConsumptionConstant": 0.0,
"VariablePowerConsumptionFactor": 1.0,
"ClearIngredients": true,
"ClearProducts": true,
"ClearBuilders": true
}