{
"$schema": "https://raw.githubusercontent.com/budak7273/ContentLib_Documentation/refs/heads/main/JsonSchemas/CL_Recipe.json",
"Name": "New Alt: Caterium Circuit Board",
"Ingredients": [
{
      "Item": "PlasticPack",
      "Amount": 10
 },
{
      "Item": "QuickwirePack",
      "Amount": 30
 }
],
"Products": [
{
      "Item": "CircuitBoardPack",
      "Amount": 7
 }
],
"ManufacturingDuration": 1200.0,
"ProducedIn": ["Build_AssemblerMk1_C"],
"OverrideCategory": "Cat_Electronics_C",
"ManufacturingMenuPriority": 0.0,
"UnlockedBy": ["Schem_PackRecipes_T5_C"],
"VariablePowerConsumptionConstant": 0.0,
"VariablePowerConsumptionFactor": 1.0,
"ClearIngredients": true,
"ClearProducts": true,
"ClearBuilders": true
}