{
"$schema": "https://raw.githubusercontent.com/budak7273/ContentLib_Documentation/refs/heads/main/JsonSchemas/CL_Recipe.json",
"Name": "New Alternate: Steeled Frame",
"Ingredients": [
{
      "Item": "Desc_IronPlateReinforced",
      "Amount": 2
 },
{
      "Item": "Desc_SteelPipe",
      "Amount": 10
 }
],
"Products": [
{
      "Item": "Desc_ModularFrame",
      "Amount": 3
 }
],
"ManufacturingDuration": 60.0,
"ProducedIn": ["Build_AssemblerMk1_C"],
"OverrideCategory": "Cat_StandardParts_C",
"ManufacturingMenuPriority": 12.0,
"UnlockedBy": ["Schematic_Alternate_ModularFrame_C"],
"VariablePowerConsumptionConstant": 0.0,
"VariablePowerConsumptionFactor": 1.0,
"ClearIngredients": true,
"ClearProducts": true,
"ClearBuilders": true
}