{
"$schema": "https://raw.githubusercontent.com/budak7273/ContentLib_Documentation/refs/heads/main/JsonSchemas/CL_Recipe.json",
"Name": "New Alt: Molded Beam Pack",
"Ingredients": [
{
      "Item": "SteelIngotPack",
      "Amount": 24
 },
{
      "Item": "ConcretePack",
      "Amount": 16
 }
],
"Products": [
{
      "Item": "SteelBeamPack",
      "Amount": 9
 }
],
"ManufacturingDuration": 300.0,
"ProducedIn": ["Build_FoundryMk1_C"],
"OverrideCategory": "Cat_StandardParts_C",
"ManufacturingMenuPriority": 0.0,
"UnlockedBy": ["Schem_PackRecipes_T3_C"],
"VariablePowerConsumptionConstant": 0.0,
"VariablePowerConsumptionFactor": 1.0,
"ClearIngredients": true,
"ClearProducts": true,
"ClearBuilders": true
}