{
"$schema": "https://raw.githubusercontent.com/budak7273/ContentLib_Documentation/refs/heads/main/JsonSchemas/CL_Recipe.json",
"Name": "New Alien Power Matrix",
"Ingredients": [
{
      "Item": "Desc_SAMFluctuator",
      "Amount": 5
 },
{
      "Item": "Desc_CrystalShard",
      "Amount": 3
 },
{
      "Item": "Desc_QuantumOscillator",
      "Amount": 3
 },
{
      "Item": "Desc_QuantumEnergy",
      "Amount": 24000
 }
],
"Products": [
{
      "Item": "Desc_AlienPowerFuel",
      "Amount": 1
 },
{
      "Item": "Desc_DarkEnergy",
      "Amount": 24000
 }
],
"ManufacturingDuration": 24.0,
"ProducedIn": ["Build_QuantumEncoder_C"],
"OverrideCategory": "Cat_Quantum_C",
"ManufacturingMenuPriority": 2.0,
"UnlockedBy": ["Research_Alien_BoosterFuel_C"],
"VariablePowerConsumptionConstant": 0.0,
"VariablePowerConsumptionFactor": 2000.0,
"ClearIngredients": true,
"ClearProducts": true,
"ClearBuilders": true
}