{
"$schema": "https://raw.githubusercontent.com/budak7273/ContentLib_Documentation/refs/heads/main/JsonSchemas/CL_Recipe.json",
"Name": "New Alternate: Biocoal",
"Ingredients": [
{
      "Item": "Desc_GenericBiomass",
      "Amount": 5
 }
],
"Products": [
{
      "Item": "Desc_Coal",
      "Amount": 6
 }
],
"ManufacturingDuration": 8.0,
"ProducedIn": ["Build_ConstructorMk1_C"],
"OverrideCategory": "Cat_Biomass_C",
"ManufacturingMenuPriority": 6.0,
"UnlockedBy": ["Schematic_Alternate_EnrichedCoal_C"],
"VariablePowerConsumptionConstant": 0.0,
"VariablePowerConsumptionFactor": 1.0,
"ClearIngredients": true,
"ClearProducts": true,
"ClearBuilders": true
}