{
"$schema": "https://raw.githubusercontent.com/budak7273/ContentLib_Documentation/refs/heads/main/JsonSchemas/CL_Recipe.json",
"Name": "New Alternate: Turbo Diamonds",
"Ingredients": [
{
      "Item": "Desc_Coal",
      "Amount": 30
 },
{
      "Item": "Desc_TurboFuel",
      "Amount": 2
 }
],
"Products": [
{
      "Item": "Desc_Diamond",
      "Amount": 3
 }
],
"ManufacturingDuration": 3.0,
"ProducedIn": ["Build_HadronCollider_C"],
"OverrideCategory": "Cat_AdvancedRefinement_C",
"ManufacturingMenuPriority": 4.0,
"UnlockedBy": ["Schematic_Alternate_Diamond_Turbo_C"],
"VariablePowerConsumptionConstant": 250.0,
"VariablePowerConsumptionFactor": 500.0,
"ClearIngredients": true,
"ClearProducts": true,
"ClearBuilders": true
}