{
"$schema": "https://raw.githubusercontent.com/budak7273/ContentLib_Documentation/refs/heads/main/JsonSchemas/CL_Recipe.json",
"Name": "New Alt: Distilled Silica Pack",
"Ingredients": [
{
      "Item": "DissolvedSilicaCondensed",
      "Amount": 12000
 },
{
      "Item": "LimestonePack",
      "Amount": 5
 },
{
      "Item": "WaterCondensed",
      "Amount": 10000
 }
],
"Products": [
{
      "Item": "SilicaPack",
      "Amount": 27
 },
{
      "Item": "WaterCondensed",
      "Amount": 8000
 }
],
"ManufacturingDuration": 150.0,
"ProducedIn": ["Build_Blender_C"],
"OverrideCategory": "Cat_AdvancedRefinement_C",
"ManufacturingMenuPriority": 0.0,
"UnlockedBy": ["Schem_PackRecipes_T8_C"],
"VariablePowerConsumptionConstant": 0.0,
"VariablePowerConsumptionFactor": 1.0,
"ClearIngredients": true,
"ClearProducts": true,
"ClearBuilders": true
}