{
"$schema": "https://raw.githubusercontent.com/budak7273/ContentLib_Documentation/refs/heads/main/JsonSchemas/CL_Recipe.json",
"Name": "New Alternate: Cloudy Diamonds",
"Ingredients": [
{
      "Item": "Desc_Coal",
      "Amount": 12
 },
{
      "Item": "Desc_Stone",
      "Amount": 24
 }
],
"Products": [
{
      "Item": "Desc_Diamond",
      "Amount": 1
 }
],
"ManufacturingDuration": 3.0,
"ProducedIn": ["Build_HadronCollider_C"],
"OverrideCategory": "Cat_AdvancedRefinement_C",
"ManufacturingMenuPriority": 1.0,
"UnlockedBy": ["Schematic_Alternate_Diamond_Cloudy_C"],
"VariablePowerConsumptionConstant": 250.0,
"VariablePowerConsumptionFactor": 500.0,
"ClearIngredients": true,
"ClearProducts": true,
"ClearBuilders": true
}