{
"$schema": "https://raw.githubusercontent.com/budak7273/ContentLib_Documentation/refs/heads/main/JsonSchemas/CL_Recipe.json",
"Name": "New Alternate: Oil-Based Diamonds",
"Ingredients": [
{
      "Item": "Desc_LiquidOil",
      "Amount": 10000
 }
],
"Products": [
{
      "Item": "Desc_Diamond",
      "Amount": 2
 }
],
"ManufacturingDuration": 3.0,
"ProducedIn": ["Build_HadronCollider_C"],
"OverrideCategory": "Cat_AdvancedRefinement_C",
"ManufacturingMenuPriority": 2.0,
"UnlockedBy": ["Schematic_Alternate_Diamond_OilBased_C"],
"VariablePowerConsumptionConstant": 250.0,
"VariablePowerConsumptionFactor": 500.0,
"ClearIngredients": true,
"ClearProducts": true,
"ClearBuilders": true
}